{"cameraMode":{"drawMode":0,"name":"Shaded","section":"Shading Mode"},"sceneLighting":true,"audioPlay":false,"sceneViewState":{"m_AlwaysRefresh":false,"showFog":true,"showSkybox":true,"showFlares":true,"showImageEffects":true,"showParticleSystems":true,"showVisualEffectGraphs":true,"m_FxEnabled":true},"in2DMode":false,"pivot":{"x":1.0803053379058838,"y":1.6751385927200318,"z":-9.651881217956543},"rotation":{"x":0.12084038555622101,"y":-0.08113782107830048,"z":0.009908143430948258,"w":0.9893019795417786},"size":-3.0339744091033937,"orthographic":false}